[{"anonymous": false, "inputs": [{"indexed": true, "internalType": "address", "name": "from", "type": "address"}, {"indexed": true, "internalType": "address", "name": "to", "type": "address"}, {"indexed": false, "internalType": "uint256", "name": "amount", "type": "uint256"}, {"indexed": false, "internalType": "string", "name": "transactionType", "type": "string"}, {"indexed": false, "internalType": "string", "name": "data", "type": "string"}, {"indexed": false, "internalType": "uint256", "name": "timestamp", "type": "uint256"}], "name": "TransactionRecorded", "type": "event"}, {"inputs": [{"internalType": "address", "name": "", "type": "address"}], "name": "balances", "outputs": [{"internalType": "uint256", "name": "", "type": "uint256"}], "stateMutability": "view", "type": "function"}, {"inputs": [], "name": "deposit", "outputs": [], "stateMutability": "payable", "type": "function"}, {"inputs": [{"internalType": "address", "name": "account", "type": "address"}], "name": "getBalance", "outputs": [{"internalType": "uint256", "name": "", "type": "uint256"}], "stateMutability": "view", "type": "function"}, {"inputs": [], "name": "getTransactions", "outputs": [{"components": [{"internalType": "address", "name": "from", "type": "address"}, {"internalType": "address", "name": "to", "type": "address"}, {"internalType": "uint256", "name": "amount", "type": "uint256"}, {"internalType": "string", "name": "transactionType", "type": "string"}, {"internalType": "string", "name": "data", "type": "string"}, {"internalType": "uint256", "name": "timestamp", "type": "uint256"}], "internalType": "struct ChargingSystem.Transaction[]", "name": "", "type": "tuple[]"}], "stateMutability": "view", "type": "function"}, {"inputs": [{"internalType": "address", "name": "", "type": "address"}], "name": "identities", "outputs": [{"internalType": "string", "name": "", "type": "string"}], "stateMutability": "view", "type": "function"}, {"inputs": [{"internalType": "address", "name": "to", "type": "address"}, {"internalType": "uint256", "name": "amount", "type": "uint256"}, {"internalType": "string", "name": "transactionType", "type": "string"}, {"internalType": "string", "name": "data", "type": "string"}], "name": "recordTransaction", "outputs": [], "stateMutability": "nonpayable", "type": "function"}, {"inputs": [{"internalType": "string", "name": "id", "type": "string"}], "name": "registerIdentity", "outputs": [], "stateMutability": "nonpayable", "type": "function"}, {"inputs": [{"internalType": "uint256", "name": "", "type": "uint256"}], "name": "transactions", "outputs": [{"internalType": "address", "name": "from", "type": "address"}, {"internalType": "address", "name": "to", "type": "address"}, {"internalType": "uint256", "name": "amount", "type": "uint256"}, {"internalType": "string", "name": "transactionType", "type": "string"}, {"internalType": "string", "name": "data", "type": "string"}, {"internalType": "uint256", "name": "timestamp", "type": "uint256"}], "stateMutability": "view", "type": "function"}]